id,username,email,created_at
1,navytrail80,navytrail80@acme.dev,2025-07-16 02:47:42
2,silvermeadow80,silvermeadow80@acme.dev,2025-08-13 20:29:38
3,forestengine74,forestengine74@seeded.app,2024-04-19 21:53:22
4,clearriver84,clearriver84@relay.cloud,2024-01-10 12:08:44
5,briskzenith48,briskzenith48@relay.cloud,2025-12-22 11:20:34
6,amberriver78,amberriver78@example.com,2024-07-23 13:08:07
7,mellowanchor17,mellowanchor17@opswise.net,2025-05-26 17:02:50
8,rapidmeadow13,rapidmeadow13@opswise.net,2024-07-10 10:15:26
9,brisknetwork26,brisknetwork26@relay.cloud,2025-10-28 22:44:17
10,tidyjourney18,tidyjourney18@opswise.net,2024-05-26 07:58:38
11,youngdelta80,youngdelta80@acme.dev,2025-10-28 14:07:24
12,youngmeadow03,youngmeadow03@relay.cloud,2024-01-05 01:43:26
13,dawndelta84,dawndelta84@example.com,2025-03-10 08:47:40
14,harborwindow60,harborwindow60@seeded.app,2024-04-05 06:41:40
15,ivoryengine47,ivoryengine47@example.com,2024-04-02 13:16:07
16,proudvalley73,proudvalley73@seeded.app,2024-01-16 20:41:06
17,clearwindow47,clearwindow47@hackstack.io,2024-08-08 23:17:22
18,forestriver01,forestriver01@hackstack.io,2024-10-14 05:11:51
19,urbanvalley30,urbanvalley30@example.com,2025-01-20 06:10:06
20,rapidlagoon77,rapidlagoon77@acme.dev,2025-04-13 14:20:36
21,youngharvest86,youngharvest86@seeded.app,2024-12-25 09:22:01
22,silverjourney88,silverjourney88@example.com,2024-05-26 15:21:37
23,silverwindow83,silverwindow83@hackstack.io,2025-11-11 19:28:10
24,forestlagoon89,forestlagoon89@opswise.net,2025-03-13 01:48:19
25,silvergarden09,silvergarden09@hackstack.io,2024-07-20 12:12:37
26,forestbeacon08,forestbeacon08@relay.cloud,2025-08-14 20:05:13
27,opalsignal01,opalsignal01@hackstack.io,2025-04-30 16:26:11
28,vividnetwork37,vividnetwork37@relay.cloud,2024-05-11 21:17:08
29,clearsignal37,clearsignal37@example.com,2024-01-27 02:59:53
30,clearbeacon12,clearbeacon12@opswise.net,2024-11-27 22:41:33
31,forestisland05,forestisland05@opswise.net,2024-03-26 13:00:43
32,jadebeacon93,jadebeacon93@opswise.net,2025-10-23 01:44:14
33,proudharvest60,proudharvest60@seeded.app,2024-11-30 16:42:26
34,younglagoon46,younglagoon46@relay.cloud,2024-09-04 22:33:09
35,jadezenith86,jadezenith86@acme.dev,2025-08-01 14:49:39
36,vividorbit31,vividorbit31@hackstack.io,2026-01-12 19:06:45
37,embercanyon60,embercanyon60@example.com,2024-09-29 08:22:53
38,clearisland33,clearisland33@seeded.app,2025-05-22 12:46:36
39,dawndelta04,dawndelta04@acme.dev,2025-04-22 02:37:24
40,emberpioneer60,emberpioneer60@opswise.net,2026-01-17 14:49:17
41,youngbeacon63,youngbeacon63@acme.dev,2025-09-16 13:38:06
42,jadezenith43,jadezenith43@seeded.app,2024-09-20 16:47:39
43,opalvalley57,opalvalley57@acme.dev,2024-08-07 15:26:17
44,goldharvest33,goldharvest33@opswise.net,2024-10-10 07:34:30
45,mellowyard48,mellowyard48@seeded.app,2024-05-08 07:27:09
46,amberlagoon56,amberlagoon56@seeded.app,2025-11-25 13:38:13
47,youngorbit24,youngorbit24@relay.cloud,2024-10-22 08:51:32
48,vividlagoon91,vividlagoon91@relay.cloud,2025-08-12 13:46:16
49,quietwindow17,quietwindow17@seeded.app,2025-07-02 16:06:34
50,urbanengine47,urbanengine47@hackstack.io,2024-04-24 00:27:28
51,urbanfield19,urbanfield19@seeded.app,2024-08-05 20:55:13
52,proudgarden97,proudgarden97@example.com,2025-07-23 03:47:49
53,briskorbit63,briskorbit63@opswise.net,2025-03-25 18:35:53
54,quietriver51,quietriver51@acme.dev,2025-01-06 21:36:48
55,urbandelta23,urbandelta23@example.com,2024-02-09 19:16:37
56,goldengine41,goldengine41@opswise.net,2025-02-28 20:07:52
57,tidyquartz41,tidyquartz41@opswise.net,2024-10-07 06:35:00
58,clearsignal77,clearsignal77@example.com,2026-01-29 14:57:30
59,goldyard60,goldyard60@relay.cloud,2024-04-02 09:27:01
60,proudcanyon87,proudcanyon87@relay.cloud,2024-12-21 12:38:20
61,goldlagoon83,goldlagoon83@hackstack.io,2025-10-23 18:01:45
62,warmtrail44,warmtrail44@acme.dev,2024-04-02 01:21:18
63,dawnengine94,dawnengine94@relay.cloud,2025-03-30 18:45:00
64,vividnetwork09,vividnetwork09@opswise.net,2024-03-18 21:45:39
65,mellowisland93,mellowisland93@example.com,2024-01-23 05:34:40
66,jadeuplink85,jadeuplink85@seeded.app,2025-01-27 19:44:39
67,dawnorbit05,dawnorbit05@relay.cloud,2024-06-05 14:54:31
68,ivorycanyon02,ivorycanyon02@example.com,2024-04-03 18:54:28
69,vividriver35,vividriver35@acme.dev,2024-11-30 11:29:28
70,ivorytrail48,ivorytrail48@seeded.app,2025-10-01 00:39:52
71,quietengine27,quietengine27@opswise.net,2024-09-30 13:12:55
72,silverlagoon24,silverlagoon24@example.com,2024-08-11 13:44:02
73,keengarden14,keengarden14@acme.dev,2025-06-24 09:24:04
74,golduplink01,golduplink01@example.com,2025-07-22 00:39:22
75,jadebeacon27,jadebeacon27@example.com,2025-10-21 02:23:17
76,navyengine74,navyengine74@acme.dev,2024-06-08 11:55:56
77,navycanyon58,navycanyon58@example.com,2024-08-02 14:00:57
78,silvermeadow29,silvermeadow29@hackstack.io,2026-01-21 06:13:57
79,livelynetwork93,livelynetwork93@seeded.app,2024-02-08 10:12:58
80,calmvalley00,calmvalley00@hackstack.io,2025-06-01 04:52:14
81,clearengine65,clearengine65@acme.dev,2025-09-30 19:13:13
82,tidyharvest72,tidyharvest72@seeded.app,2024-11-03 00:46:44
83,goldzenith06,goldzenith06@seeded.app,2025-02-08 03:17:19
84,vividkernel42,vividkernel42@relay.cloud,2024-12-20 16:45:47
85,vividpioneer74,vividpioneer74@opswise.net,2025-07-09 15:39:09
86,rapidtrail69,rapidtrail69@seeded.app,2024-08-17 06:02:55
87,dawnquartz37,dawnquartz37@seeded.app,2024-06-09 10:21:09
88,quietfield77,quietfield77@opswise.net,2025-07-19 22:21:00
89,quietnetwork69,quietnetwork69@seeded.app,2025-02-21 14:48:52
90,cobaltzenith30,cobaltzenith30@relay.cloud,2025-08-03 09:07:11
91,goldmeadow97,goldmeadow97@opswise.net,2024-10-03 13:20:53
92,quietlagoon65,quietlagoon65@seeded.app,2025-07-25 17:43:55
93,briskquartz21,briskquartz21@example.com,2025-01-25 16:23:44
94,harboryard43,harboryard43@relay.cloud,2025-10-16 23:36:14
95,amberdelta61,amberdelta61@acme.dev,2024-12-14 12:33:36
96,embergarden97,embergarden97@relay.cloud,2025-09-19 08:53:39
97,harbororbit49,harbororbit49@acme.dev,2025-03-20 17:17:16
98,dawnbeacon53,dawnbeacon53@relay.cloud,2025-12-23 01:53:30
99,proudorbit78,proudorbit78@opswise.net,2025-01-19 21:31:47
100,livelydelta66,livelydelta66@opswise.net,2025-03-01 00:31:12
101,proudharvest53,proudharvest53@relay.cloud,2024-09-26 16:37:18
102,proudquartz90,proudquartz90@example.com,2025-05-28 06:46:10
103,cleardelta26,cleardelta26@relay.cloud,2024-12-23 05:47:27
104,forestlagoon62,forestlagoon62@hackstack.io,2025-01-20 23:35:02
105,ivoryyard68,ivoryyard68@hackstack.io,2025-03-16 14:05:22
106,youngharvest47,youngharvest47@hackstack.io,2025-07-16 02:02:19
107,cobaltyard69,cobaltyard69@seeded.app,2025-11-29 07:31:19
108,forestmeadow62,forestmeadow62@seeded.app,2025-07-20 11:57:01
109,silvervalley83,silvervalley83@hackstack.io,2024-10-27 12:43:41
110,jadefield51,jadefield51@opswise.net,2025-08-31 23:33:42
111,harborsignal42,harborsignal42@example.com,2025-12-17 21:17:13
112,goldharvest59,goldharvest59@seeded.app,2024-03-06 03:10:51
113,clearuplink98,clearuplink98@opswise.net,2025-04-28 20:05:52
114,urbanfield74,urbanfield74@example.com,2025-04-19 19:39:35
115,livelypioneer81,livelypioneer81@acme.dev,2025-11-13 13:10:42
116,opalengine75,opalengine75@seeded.app,2024-12-05 09:04:37
117,dawnpioneer76,dawnpioneer76@relay.cloud,2024-12-27 05:42:19
118,tidypioneer89,tidypioneer89@opswise.net,2025-12-28 14:32:06
119,dawnengine32,dawnengine32@example.com,2024-11-19 15:35:10
120,briskriver62,briskriver62@opswise.net,2024-07-24 05:38:11
121,tidyharvest60,tidyharvest60@relay.cloud,2025-12-19 17:42:51
122,briskriver98,briskriver98@seeded.app,2024-06-26 01:29:52
123,harborbeacon39,harborbeacon39@example.com,2024-06-13 05:46:08
124,melloworbit37,melloworbit37@opswise.net,2025-08-04 18:26:52
125,mellowmeadow97,mellowmeadow97@acme.dev,2024-09-01 03:27:30
126,clearorbit90,clearorbit90@seeded.app,2025-03-06 00:06:47
127,urbanjourney36,urbanjourney36@seeded.app,2025-07-01 12:43:24
128,quietvalley22,quietvalley22@hackstack.io,2025-04-21 19:32:38
129,keenorbit01,keenorbit01@acme.dev,2026-01-23 13:34:29
130,emberpioneer82,emberpioneer82@hackstack.io,2025-11-18 04:28:32
131,calmfield98,calmfield98@acme.dev,2025-03-21 23:45:51
132,harborquartz18,harborquartz18@relay.cloud,2025-08-21 15:23:06
133,silverquartz43,silverquartz43@seeded.app,2025-03-10 07:04:37
134,tidyanchor22,tidyanchor22@acme.dev,2025-12-05 09:31:37
135,rapiddelta33,rapiddelta33@acme.dev,2025-09-30 08:34:18
136,tidykernel84,tidykernel84@relay.cloud,2025-11-02 07:37:24
137,clearanchor74,clearanchor74@hackstack.io,2024-01-01 03:56:59
138,navyharvest78,navyharvest78@relay.cloud,2024-08-28 14:10:47
139,proudbeacon15,proudbeacon15@relay.cloud,2024-02-25 21:39:49
140,mellowyard57,mellowyard57@seeded.app,2025-07-15 04:42:31
141,navygarden19,navygarden19@opswise.net,2025-07-01 19:01:51
142,navykernel16,navykernel16@example.com,2025-07-19 19:11:41
143,urbanjourney58,urbanjourney58@seeded.app,2024-11-06 03:50:38
144,quietdelta03,quietdelta03@relay.cloud,2025-06-02 07:33:13
145,forestnetwork13,forestnetwork13@relay.cloud,2025-12-19 09:20:27
146,amberfield71,amberfield71@relay.cloud,2024-07-16 12:24:00
147,navyuplink92,navyuplink92@relay.cloud,2024-08-31 06:52:28
148,forestmeadow63,forestmeadow63@relay.cloud,2025-07-07 21:46:39
149,quietvalley13,quietvalley13@acme.dev,2025-01-02 06:22:34
150,youngnetwork76,youngnetwork76@opswise.net,2025-05-21 18:57:05
151,mellowkernel05,mellowkernel05@example.com,2024-04-25 15:34:53
152,briskquartz92,briskquartz92@example.com,2025-03-16 00:22:03
153,vividisland41,vividisland41@acme.dev,2024-08-18 20:23:45
154,cobaltuplink76,cobaltuplink76@example.com,2025-10-01 21:11:08
155,mellowpioneer50,mellowpioneer50@relay.cloud,2025-12-15 12:28:44
156,amberwindow60,amberwindow60@example.com,2024-03-01 20:28:14
157,livelybeacon81,livelybeacon81@relay.cloud,2024-04-22 20:56:45
158,navylagoon67,navylagoon67@relay.cloud,2025-04-06 20:07:20
159,rapidquartz87,rapidquartz87@acme.dev,2025-06-28 15:03:42
160,forestpioneer22,forestpioneer22@relay.cloud,2024-06-03 16:22:16
161,vividjourney79,vividjourney79@relay.cloud,2025-10-12 17:04:49
162,proudcanyon44,proudcanyon44@seeded.app,2025-10-01 13:04:26
163,briskpioneer67,briskpioneer67@opswise.net,2025-09-11 19:06:56
164,amberorbit10,amberorbit10@hackstack.io,2025-05-21 13:11:47
165,cobaltjourney91,cobaltjourney91@seeded.app,2025-01-04 18:52:10
166,prouddelta10,prouddelta10@hackstack.io,2024-07-21 00:17:44
167,keenisland53,keenisland53@example.com,2025-12-22 20:16:54
168,opaljourney61,opaljourney61@opswise.net,2024-08-25 10:20:49
169,urbanmeadow66,urbanmeadow66@opswise.net,2025-02-23 11:41:31
170,cobaltorbit50,cobaltorbit50@opswise.net,2024-11-27 08:53:56
171,vividharvest52,vividharvest52@example.com,2025-02-02 09:39:31
172,goldfield32,goldfield32@hackstack.io,2024-11-11 18:29:32
173,harborharvest39,harborharvest39@example.com,2025-05-03 08:09:17
174,keenuplink75,keenuplink75@example.com,2024-05-26 01:34:46
175,cobaltkernel76,cobaltkernel76@example.com,2025-04-21 18:48:59
176,clearorbit29,clearorbit29@acme.dev,2024-03-05 12:59:32
177,keendelta74,keendelta74@opswise.net,2024-06-03 20:06:04
178,ivorytrail14,ivorytrail14@relay.cloud,2024-08-07 04:50:49
179,emberanchor50,emberanchor50@hackstack.io,2024-09-17 19:13:45
180,navykernel20,navykernel20@hackstack.io,2025-03-13 00:50:32
181,opalgarden68,opalgarden68@hackstack.io,2025-11-02 06:56:55
182,jadewindow59,jadewindow59@opswise.net,2024-10-04 15:35:47
183,opalquartz84,opalquartz84@opswise.net,2025-02-06 17:13:51
184,livelypioneer01,livelypioneer01@hackstack.io,2024-02-20 02:59:21
185,urbanengine77,urbanengine77@hackstack.io,2024-10-26 02:56:02
186,amberquartz19,amberquartz19@example.com,2024-12-03 14:13:28
187,foresttrail61,foresttrail61@hackstack.io,2024-11-02 02:43:53
188,livelybeacon36,livelybeacon36@example.com,2024-11-30 18:10:59
189,forestmeadow52,forestmeadow52@example.com,2024-02-21 03:07:31
190,harbororbit88,harbororbit88@example.com,2025-02-19 21:08:29
191,dawnisland49,dawnisland49@seeded.app,2024-09-22 23:34:41
192,navyriver99,navyriver99@relay.cloud,2024-10-11 13:09:48
193,vividriver25,vividriver25@opswise.net,2024-01-29 15:13:45
194,harborharvest74,harborharvest74@example.com,2025-02-08 18:35:51
195,proudriver92,proudriver92@opswise.net,2024-01-11 03:54:06
196,ambercanyon00,ambercanyon00@opswise.net,2024-06-06 01:12:21
197,harborsignal83,harborsignal83@hackstack.io,2025-12-02 16:06:03
198,silverlagoon82,silverlagoon82@example.com,2024-03-15 02:01:47
199,calmkernel66,calmkernel66@example.com,2025-11-29 11:01:53
200,quietlagoon12,quietlagoon12@relay.cloud,2025-06-25 15:45:01
201,melloworbit74,melloworbit74@acme.dev,2024-10-25 11:09:56
202,urbansignal27,urbansignal27@relay.cloud,2025-01-06 22:42:30
203,forestfield76,forestfield76@relay.cloud,2024-06-06 18:50:57
204,harbormeadow55,harbormeadow55@relay.cloud,2024-02-04 01:50:48
205,proudorbit95,proudorbit95@opswise.net,2025-10-30 22:19:06
206,urbanisland44,urbanisland44@hackstack.io,2024-05-07 16:21:12
207,harborcanyon23,harborcanyon23@hackstack.io,2025-03-27 17:18:35
208,younggarden15,younggarden15@hackstack.io,2025-03-06 05:49:39
209,vividbeacon84,vividbeacon84@opswise.net,2024-08-23 17:57:15
210,dawnnetwork50,dawnnetwork50@example.com,2025-07-22 14:57:47
211,harborharvest31,harborharvest31@opswise.net,2024-02-03 12:36:40
212,livelyzenith78,livelyzenith78@relay.cloud,2024-12-25 04:01:11
213,calmfield78,calmfield78@relay.cloud,2024-08-06 02:19:42
214,keenengine64,keenengine64@example.com,2025-08-10 23:46:38
215,dawntrail57,dawntrail57@hackstack.io,2024-02-19 08:24:29
216,navyriver74,navyriver74@hackstack.io,2024-08-17 02:58:22
217,rapidmeadow45,rapidmeadow45@opswise.net,2025-01-17 01:29:19
218,rapiddelta02,rapiddelta02@hackstack.io,2025-07-25 13:36:48
219,navynetwork77,navynetwork77@relay.cloud,2024-06-07 01:48:48
220,vividengine86,vividengine86@seeded.app,2024-11-28 18:20:09
221,livelyuplink60,livelyuplink60@hackstack.io,2025-05-23 16:34:47
222,keenquartz84,keenquartz84@hackstack.io,2024-11-20 23:50:10
223,proudwindow63,proudwindow63@relay.cloud,2024-07-23 17:07:00
224,emberanchor23,emberanchor23@acme.dev,2024-04-26 13:28:14
225,goldbeacon74,goldbeacon74@seeded.app,2025-06-24 13:36:51
226,youngjourney28,youngjourney28@opswise.net,2024-11-12 12:27:25
227,warmuplink95,warmuplink95@acme.dev,2024-11-16 12:32:03
228,briskuplink13,briskuplink13@relay.cloud,2024-08-06 07:00:07
229,briskanchor89,briskanchor89@hackstack.io,2025-05-02 07:49:09
230,amberlagoon73,amberlagoon73@relay.cloud,2026-01-04 02:21:35
231,briskpioneer45,briskpioneer45@acme.dev,2024-07-21 11:50:28
232,goldmeadow54,goldmeadow54@example.com,2024-07-14 22:21:45
233,cobaltriver36,cobaltriver36@acme.dev,2024-09-27 11:50:13
234,rapidkernel30,rapidkernel30@seeded.app,2024-11-07 08:02:36
235,clearriver57,clearriver57@seeded.app,2025-04-06 10:25:57
236,cobaltdelta84,cobaltdelta84@relay.cloud,2024-02-06 13:51:18
237,calmjourney11,calmjourney11@opswise.net,2024-05-09 11:01:26
238,quietuplink04,quietuplink04@relay.cloud,2024-08-30 00:09:02
239,navyvalley65,navyvalley65@relay.cloud,2024-09-05 06:20:50
240,harborcanyon14,harborcanyon14@hackstack.io,2024-03-01 00:09:55
241,mellowbeacon34,mellowbeacon34@opswise.net,2024-02-02 05:59:25
242,youngsignal16,youngsignal16@seeded.app,2025-07-02 05:26:52
243,jadeyard42,jadeyard42@example.com,2024-04-24 11:29:23
244,quietorbit92,quietorbit92@opswise.net,2024-01-05 20:05:08
245,ivoryriver44,ivoryriver44@seeded.app,2024-03-04 04:47:50
246,warmyard64,warmyard64@opswise.net,2025-03-20 02:25:37
247,calmbeacon05,calmbeacon05@relay.cloud,2024-06-17 05:53:04
248,vividdelta06,vividdelta06@opswise.net,2025-10-23 03:16:11
249,youngengine94,youngengine94@opswise.net,2024-03-18 11:48:04
250,ambercanyon45,ambercanyon45@acme.dev,2025-09-18 01:29:50
251,younglagoon09,younglagoon09@example.com,2025-09-30 19:06:26
252,tidytrail19,tidytrail19@seeded.app,2024-03-09 02:06:40
253,tidygarden71,tidygarden71@relay.cloud,2025-10-21 08:12:43
254,jadekernel61,jadekernel61@hackstack.io,2024-01-01 03:39:19
255,youngtrail22,youngtrail22@hackstack.io,2025-01-02 08:14:00
256,ivoryuplink58,ivoryuplink58@hackstack.io,2025-07-12 01:04:26
257,dawngarden56,dawngarden56@example.com,2025-07-25 14:49:29
258,amberbeacon63,amberbeacon63@opswise.net,2025-06-21 06:31:53
259,urbanuplink19,urbanuplink19@hackstack.io,2025-12-01 11:39:21
260,goldriver01,goldriver01@example.com,2024-01-21 22:09:56
261,urbanzenith57,urbanzenith57@hackstack.io,2026-01-29 03:06:57
262,harbordelta98,harbordelta98@opswise.net,2024-10-18 18:15:45
263,urbanpioneer88,urbanpioneer88@opswise.net,2025-10-06 12:53:12
264,cobaltsignal92,cobaltsignal92@acme.dev,2024-07-26 22:14:03
265,calmkernel51,calmkernel51@relay.cloud,2025-12-20 14:13:02
266,navyquartz38,navyquartz38@hackstack.io,2025-06-24 04:33:29
267,vividgarden17,vividgarden17@opswise.net,2024-02-13 17:50:02
268,vividnetwork55,vividnetwork55@example.com,2024-10-29 01:19:36
269,harborjourney65,harborjourney65@seeded.app,2025-02-26 20:59:46
270,clearvalley17,clearvalley17@hackstack.io,2025-08-18 12:11:18
271,warmzenith85,warmzenith85@acme.dev,2024-10-05 03:37:54
272,briskwindow18,briskwindow18@hackstack.io,2024-01-14 10:04:36
273,silvermeadow31,silvermeadow31@opswise.net,2025-07-28 01:01:36
274,forestquartz06,forestquartz06@seeded.app,2025-04-13 21:24:39
275,ivorynetwork45,ivorynetwork45@acme.dev,2025-10-25 21:22:07
276,embervalley27,embervalley27@example.com,2024-02-09 05:27:49
277,embertrail75,embertrail75@seeded.app,2024-01-26 03:36:13
278,amberlagoon44,amberlagoon44@seeded.app,2025-10-14 12:45:55
279,briskmeadow37,briskmeadow37@relay.cloud,2025-03-04 18:53:27
280,ivorykernel41,ivorykernel41@seeded.app,2024-09-04 17:48:28
281,livelydelta58,livelydelta58@opswise.net,2025-01-09 03:55:26
282,amberengine73,amberengine73@hackstack.io,2025-02-27 08:44:29
283,foresttrail85,foresttrail85@hackstack.io,2025-08-27 03:08:05
284,ivorygarden40,ivorygarden40@seeded.app,2025-08-01 17:44:24
285,proudtrail90,proudtrail90@relay.cloud,2024-11-02 19:34:01
286,dawnsignal13,dawnsignal13@example.com,2025-11-25 20:27:34
287,forestisland05,forestisland05@hackstack.io,2025-08-13 12:57:35
288,silverwindow10,silverwindow10@hackstack.io,2024-06-18 07:10:51
289,forestyard28,forestyard28@opswise.net,2025-10-30 15:12:43
290,emberlagoon16,emberlagoon16@example.com,2024-12-01 01:03:47
291,keenuplink26,keenuplink26@hackstack.io,2025-01-12 10:32:11
292,brisknetwork23,brisknetwork23@acme.dev,2025-11-19 21:38:50
293,proudorbit96,proudorbit96@opswise.net,2025-06-15 08:15:25
294,tidygarden05,tidygarden05@seeded.app,2025-08-23 03:59:00
295,livelyriver15,livelyriver15@hackstack.io,2024-09-17 13:56:02
296,urbancanyon29,urbancanyon29@relay.cloud,2024-09-12 02:06:41
297,vividquartz87,vividquartz87@acme.dev,2024-02-22 00:41:52
298,vividwindow52,vividwindow52@hackstack.io,2024-03-07 16:18:14
299,cobaltcanyon41,cobaltcanyon41@opswise.net,2025-09-13 14:24:10
300,silverengine13,silverengine13@relay.cloud,2024-08-01 01:05:52
301,opalorbit52,opalorbit52@seeded.app,2025-01-17 07:17:09
302,ivorymeadow00,ivorymeadow00@example.com,2024-11-06 12:02:18
303,golddelta11,golddelta11@acme.dev,2024-02-15 01:47:02
304,livelymeadow82,livelymeadow82@example.com,2025-10-05 02:19:40
305,livelyjourney93,livelyjourney93@hackstack.io,2025-05-16 04:38:59
306,youngcanyon90,youngcanyon90@hackstack.io,2025-03-19 02:08:55
307,amberorbit34,amberorbit34@opswise.net,2024-07-19 02:42:04
308,dawnfield43,dawnfield43@seeded.app,2024-10-07 20:51:57
309,tidyzenith86,tidyzenith86@opswise.net,2025-01-07 01:48:28
310,silvervalley05,silvervalley05@seeded.app,2024-12-03 06:49:10
311,jadelagoon60,jadelagoon60@seeded.app,2025-04-17 20:55:59
312,calmwindow75,calmwindow75@relay.cloud,2024-10-09 15:20:55
313,amberbeacon93,amberbeacon93@relay.cloud,2024-11-28 02:08:48
314,silverbeacon00,silverbeacon00@hackstack.io,2025-08-03 12:18:26
315,silvermeadow72,silvermeadow72@relay.cloud,2024-06-04 05:07:39
316,warmfield08,warmfield08@seeded.app,2024-05-26 17:31:52
317,amberpioneer43,amberpioneer43@opswise.net,2024-06-05 08:28:09
318,forestzenith43,forestzenith43@acme.dev,2024-01-16 12:47:48
319,rapiddelta93,rapiddelta93@seeded.app,2025-03-13 12:18:53
320,silveruplink75,silveruplink75@relay.cloud,2024-07-29 22:04:52
321,opalriver31,opalriver31@hackstack.io,2025-07-31 15:50:44
322,rapidvalley16,rapidvalley16@relay.cloud,2025-12-17 03:31:36
323,clearisland64,clearisland64@relay.cloud,2025-06-19 09:23:26
324,navyriver56,navyriver56@relay.cloud,2025-06-02 05:57:29
325,keengarden99,keengarden99@opswise.net,2025-08-12 17:37:03
326,proudanchor93,proudanchor93@example.com,2025-08-05 20:31:22
327,quiettrail97,quiettrail97@hackstack.io,2024-09-20 16:53:03
328,briskkernel17,briskkernel17@example.com,2024-06-29 12:56:34
329,amberlagoon96,amberlagoon96@acme.dev,2025-05-23 04:05:43
330,clearbeacon06,clearbeacon06@relay.cloud,2025-02-20 23:00:51
331,clearfield80,clearfield80@example.com,2024-07-05 15:00:01
332,calmdelta38,calmdelta38@opswise.net,2025-07-17 06:28:20
333,proudriver39,proudriver39@example.com,2024-11-29 02:30:01
334,navygarden77,navygarden77@opswise.net,2024-05-01 20:41:06
335,mellowwindow93,mellowwindow93@acme.dev,2025-12-31 08:42:33
336,ivorytrail35,ivorytrail35@relay.cloud,2024-12-24 10:21:04
337,rapidgarden57,rapidgarden57@opswise.net,2024-04-04 12:09:21
338,goldzenith08,goldzenith08@relay.cloud,2025-06-11 11:39:57
339,golduplink16,golduplink16@seeded.app,2024-10-02 04:16:03
340,jadequartz00,jadequartz00@example.com,2025-06-10 20:45:52
341,navyharvest26,navyharvest26@seeded.app,2024-02-08 14:31:43
342,keenquartz42,keenquartz42@seeded.app,2024-04-16 22:15:45
343,navyzenith42,navyzenith42@example.com,2025-08-16 19:27:52
344,livelyriver73,livelyriver73@opswise.net,2024-07-22 16:03:01
345,goldkernel05,goldkernel05@acme.dev,2024-06-12 01:09:58
346,silverwindow14,silverwindow14@opswise.net,2024-11-03 15:00:52
347,clearcanyon02,clearcanyon02@opswise.net,2025-03-14 16:00:18
348,emberlagoon82,emberlagoon82@relay.cloud,2025-03-28 17:54:16
349,harborpioneer78,harborpioneer78@seeded.app,2025-02-13 14:52:38
350,jadepioneer23,jadepioneer23@opswise.net,2024-08-10 19:04:54
351,urbanyard78,urbanyard78@relay.cloud,2024-05-01 11:21:43
352,tidyorbit46,tidyorbit46@seeded.app,2025-12-04 13:55:52
353,rapidriver76,rapidriver76@acme.dev,2025-08-28 00:54:04
354,goldisland47,goldisland47@hackstack.io,2024-03-18 15:40:51
355,silvertrail09,silvertrail09@relay.cloud,2024-07-03 13:04:55
356,ivorycanyon93,ivorycanyon93@relay.cloud,2024-08-25 04:28:48
357,navyanchor00,navyanchor00@example.com,2025-03-24 12:59:41
358,harborwindow10,harborwindow10@seeded.app,2025-10-16 02:26:12
359,opalbeacon38,opalbeacon38@hackstack.io,2025-07-17 01:14:29
360,dawnorbit32,dawnorbit32@relay.cloud,2025-03-03 02:17:31
361,warmzenith80,warmzenith80@hackstack.io,2024-10-10 00:03:46
362,tidysignal52,tidysignal52@relay.cloud,2024-02-06 13:43:02
363,dawncanyon05,dawncanyon05@acme.dev,2025-04-20 14:10:02
364,keenmeadow99,keenmeadow99@acme.dev,2024-12-28 11:53:17
365,navynetwork28,navynetwork28@example.com,2024-07-09 15:36:03
366,tidymeadow63,tidymeadow63@acme.dev,2024-09-13 03:40:03
367,navysignal40,navysignal40@opswise.net,2024-08-31 06:22:38
368,emberorbit37,emberorbit37@example.com,2025-03-07 22:21:18
369,dawnsignal18,dawnsignal18@seeded.app,2025-05-16 07:42:24
370,livelybeacon90,livelybeacon90@acme.dev,2024-06-29 19:43:17
371,proudnetwork65,proudnetwork65@acme.dev,2024-12-21 09:40:56
372,livelytrail00,livelytrail00@example.com,2024-09-06 17:45:45
373,proudengine26,proudengine26@example.com,2024-11-19 23:26:30
374,proudkernel11,proudkernel11@seeded.app,2024-03-11 02:04:36
375,harborisland74,harborisland74@relay.cloud,2024-06-23 05:10:42
376,mellowgarden88,mellowgarden88@seeded.app,2024-09-18 02:23:54
377,ivoryriver09,ivoryriver09@seeded.app,2024-08-16 12:24:11
378,cobaltorbit32,cobaltorbit32@relay.cloud,2025-10-06 07:29:36
379,opalkernel50,opalkernel50@acme.dev,2024-07-24 22:05:32
380,embernetwork52,embernetwork52@opswise.net,2024-02-03 21:00:33
381,keenpioneer78,keenpioneer78@opswise.net,2025-11-04 03:10:12
382,proudsignal72,proudsignal72@acme.dev,2024-01-20 22:06:13
383,proudwindow79,proudwindow79@acme.dev,2024-11-18 23:58:13
384,proudyard48,proudyard48@acme.dev,2024-04-12 13:04:01
385,forestanchor59,forestanchor59@relay.cloud,2024-01-04 09:31:25
386,jadezenith36,jadezenith36@opswise.net,2024-01-19 10:43:58
387,urbangarden70,urbangarden70@example.com,2025-09-28 02:47:49
388,ivorysignal52,ivorysignal52@relay.cloud,2025-08-21 00:17:01
389,proudorbit08,proudorbit08@seeded.app,2025-11-19 17:20:47
390,tidygarden17,tidygarden17@seeded.app,2025-04-26 20:06:47
391,forestyard51,forestyard51@seeded.app,2025-11-20 21:41:20
392,forestriver84,forestriver84@hackstack.io,2025-02-22 04:19:04
393,opalquartz83,opalquartz83@seeded.app,2025-04-04 17:23:42
394,amberlagoon49,amberlagoon49@hackstack.io,2025-06-18 02:51:39
395,opaltrail56,opaltrail56@example.com,2025-12-06 21:26:27
396,cobaltzenith31,cobaltzenith31@hackstack.io,2024-05-16 04:38:37
397,vividpioneer82,vividpioneer82@relay.cloud,2025-12-21 09:39:01
398,warmquartz51,warmquartz51@hackstack.io,2024-07-05 23:57:34
399,dawngarden51,dawngarden51@relay.cloud,2024-08-18 11:11:08
400,ambertrail28,ambertrail28@hackstack.io,2024-12-27 09:40:40
